titulo,grupo
A Light in the Attic,Books
Tipping the Velvet,Books
Soumission,Books
Sharp Objects,Books
Sapiens: A Brief History of Humankind,Books
The Requiem Red,Books
The Dirty Little Secrets of Getting Your Dream Job,Books
"The Coming Woman: A Novel Based on the Life of the Infamous Feminist, Victoria Woodhull",Books
The Boys in the Boat: Nine Americans and Their Epic Quest for Gold at the 1936 Berlin Olympics,Books
The Black Maria,Books
"Starving Hearts (Triangular Trade Trilogy, #1)",Books
Shakespeare's Sonnets,Books
Set Me Free,Books
Scott Pilgrim's Precious Little Life (Scott Pilgrim #1),Books
Rip it Up and Start Again,Books
"Our Band Could Be Your Life: Scenes from the American Indie Underground, 1981-1991",Books
Olio,Books
Mesaerion: The Best Science Fiction Stories 1800-1849,Books
Libertarianism for Beginners,Books
It's Only the Himalayas,Books
