Puesto,Detalle,Pagina_Origen
NEW Senior Python Developer - full stack Trusted Carrier Logistik GmbH,"Back end, Big Data, Cloud, Database, Machine Learning, Numeric processing, Operations, Systems, Testing",1
NEW Senior Research Software Engineer (Multiphoton Microscopy) Sainsbury Wellcome Centre,"Big Data, Image Processing",1
NEW Senior Research Software Engineer (Neural and Behavioural Data) Sainsbury Wellcome Centre,"Big Data, Database, Image Processing, Numeric processing",1
NEW Python Software Engineer HypothesisBase,"Back end, Integration, Systems, Testing, Web",1
NEW Python Developer - Remote DivIHN Integration Inc,"Cloud, Web, Support, Security",1
NEW Senior Python Developer Six Feet Up,"Back end, Text Processing",1
NEW Senior Python Developer/DevOps Engineer Six Feet Up,"Back end, Cloud, DevOps",1
NEW Python Tech Lead TramCase,Back end,1
Infrastructure Engineer Python Software Foundation,"Back end, Cloud, Database, Front end, Operations, Systems, Web",1
Senior Python Engineer (backend focused) World Parts Direct,"Back end, Database, Front end, Operations, Systems",1
"DevOps Engineer-FULLY REMOTE-US, CANADA, EUROPE only ActivePrime, Inc.","Cloud, DevOps",1
"Senior Back-End Python Engineer - FULLY REMOTE-WORLDWIDE ActivePrime, Inc.",Back end,1
Senior Full-Stack Engineer (remote) AIDAR,"Back end, Front end, Lead, Machine Learning",1
Junior Software Engineer Mechanize,"Back end, Front end",1
Junior Full Stack Developer Patrick J. McGovern Foundation,"Back end, Front end",1
Senior Python Backend Developer SKYCATCHFIRE,Back end,1
Senior Software Engineer Aquent,"Back end, Cloud, Front end, Machine Learning, Web",1
Senior Data Privacy Software Developer OpenDP / Harvard University,"Machine Learning, Numeric processing",1
Senior Backend Python Developer Kanmalai Technologies,Back end,1
