titulo,grupo,fecha_captura
A Light in the Attic,Energy,2026-04-01 03:07:13.739817
Tipping the Velvet,Energy,2026-04-01 03:07:13.739904
Soumission,Energy,2026-04-01 03:07:13.739916
Sharp Objects,Energy,2026-04-01 03:07:13.739925
Sapiens: A Brief History of Humankind,Energy,2026-04-01 03:07:13.739932
The Requiem Red,Energy,2026-04-01 03:07:13.739940
The Dirty Little Secrets of Getting Your Dream Job,Energy,2026-04-01 03:07:13.739947
"The Coming Woman: A Novel Based on the Life of the Infamous Feminist, Victoria Woodhull",Energy,2026-04-01 03:07:13.739955
The Boys in the Boat: Nine Americans and Their Epic Quest for Gold at the 1936 Berlin Olympics,Energy,2026-04-01 03:07:13.739963
The Black Maria,Energy,2026-04-01 03:07:13.739970
"Starving Hearts (Triangular Trade Trilogy, #1)",Energy,2026-04-01 03:07:13.739977
Shakespeare's Sonnets,Energy,2026-04-01 03:07:13.739984
Set Me Free,Energy,2026-04-01 03:07:13.739991
Scott Pilgrim's Precious Little Life (Scott Pilgrim #1),Energy,2026-04-01 03:07:13.739998
Rip it Up and Start Again,Energy,2026-04-01 03:07:13.740004
"Our Band Could Be Your Life: Scenes from the American Indie Underground, 1981-1991",Energy,2026-04-01 03:07:13.740011
Olio,Energy,2026-04-01 03:07:13.740017
Mesaerion: The Best Science Fiction Stories 1800-1849,Energy,2026-04-01 03:07:13.740024
Libertarianism for Beginners,Energy,2026-04-01 03:07:13.740030
It's Only the Himalayas,Energy,2026-04-01 03:07:13.740037
